<addon id="repository.masqelec"
       name="MasqELEC Repository"
       version="1.0.0"
       provider-name="Carlos">
  <extension point="xbmc.addon.repository"
             name="MasqELEC Repository">
    <info compressed="false">https://masQelec.github.io/repo/addons.xml</info>
    <checksum>https://masQelec.github.io/repo/addons.xml.md5</checksum>
    <datadir zip="true">https://masQelec.github.io/repo/</datadir>
  </extension>
  <extension point="xbmc.addon.metadata">
    <summary>Repositorio oficial de add-ons MasqELEC</summary>
    <description>Repositorio de add-ons personalizados para KodiELEC/CoreELEC.</description>
    <platform>all</platform>
  </extension>
</addon>
