{
  "id": "amazon",
  "name": "Amazon",

  "active": true,

  "find_videos": {
    "ignore_urls": [],
    "patterns": [
      {
        "pattern": "https://www.amazon.com/drive/v1/shares/([A-z0-9]+)",
        "url": "https://www.amazon.com/drive/v1/shares/\\1?resourceVersion=V2&ContentType=JSON&asset=ALL"
      },
      {
        "pattern": "https://www.amazon.com/clouddrive/share/([A-z0-9]+)?",
        "url": "https://www.amazon.com/drive/v1/shares/\\1?resourceVersion=V2&ContentType=JSON&asset=ALL"
      }
    ]
  }

}