{
  "id": "gofile",
  "name": "Gofile",

  "active": true,
  "notes": "Alternative vía: Script.Module.ResolveUrl",

  "find_videos": {
    "ignore_urls": [],
    "patterns": [
      {
        "pattern": "https://gofile.io/d/([0-9a-zA-Z]+)",
        "url": "https://gofile.io/d/\\1"
      },
      {
        "pattern": "https://gofile.io/([0-9a-zA-Z]+)",
        "url": "https://api.gofile.io/\\1"
      },
      {
        "pattern": "https://gofile.io/(?:c=)([0-9a-zA-Z]+)",
        "url": "https://api.gofile.io/\\1"
      }
    ]
  }

}
