{
  "id": "clipwatching",
  "name": "Clipwatching",

  "active": true,

  "find_videos": {
    "ignore_urls": [],
    "patterns": [
      {
        "pattern": "clipwatching.com/(e.*?.html)",
        "url": "https://highstream.tv/\\1"
      },
      {
        "pattern": "clipwatching.com/(\\w+)",
        "url": "https://highstream.tv/embed-\\1.html"
      },
      {
        "pattern": "clipwatching.com/(?:embed-|/)([A-z0-9]+)",
        "url": "https://highstream.tv/embed-\\1.html"
      },
      {
        "pattern": "(?:lamovie).\\w{2,4}/(?:embed-|)([A-z0-9_]+)",
        "url": "https://lamovie.link/embed-\\1.html"
      }
    ]
  }

}
