{
  "id": "nupload",
  "name": "Nupload",

  "active": true,

  "find_videos": {
    "ignore_urls": [],
    "patterns": [
      {
        "pattern": "(https://nupload.me/watch/[A-z0-9\\?=]+)",
        "url": "\\1"
      },
      {
        "pattern": "(https://nupload.co/watch/[A-z0-9\\?=]+)",
        "url": "\\1"
      },
      {
        "pattern": "(https://nupload.xyz/watch/[A-z0-9\\?=]+)",
        "url": "\\1"
      },
      {
        "pattern": "(https://nuuuppp.click/watch/[A-z0-9\\?=]+)",
        "url": "\\1"
      },
      {
        "pattern": "(https://nuuuppp.online/watch/[A-z0-9\\?=]+)",
        "url": "\\1"
      },
      {
        "pattern": "(https://nuuuppp.xyz/watch/[A-z0-9\\?=]+)",
        "url": "\\1"
      },
      {
        "pattern": "(https://nuuuppp.xyz/watch/[A-z0-9\\?=]+)",
        "url": "\\1"
      },
      {
        "pattern": "(https://nuuuppp.cloud/watch/[A-z0-9\\?=]+)",
        "url": "\\1"
      },
      {
        "pattern": "(https://nuuuppp.pro/watch/[A-z0-9\\?=]+)",
        "url": "\\1"
      },
      {
        "pattern": "(https://nuuuppp.biz/watch/[A-z0-9\\?=]+)",
        "url": "\\1"
      }
    ]
  }

}
